{"cameraMode":{"drawMode":0,"name":"Shaded","section":"Shading Mode"},"sceneLighting":false,"audioPlay":false,"sceneViewState":{"showFog":false,"showMaterialUpdate":false,"showSkybox":false,"showFlares":false,"showImageEffects":false,"showParticleSystems":false},"in2DMode":false,"pivot":{"x":37.97454833984375,"y":-2.640772819519043,"z":-14.87837028503418},"rotation":{"x":0.021431615576148034,"y":0.9783567786216736,"z":-0.1556890457868576,"w":0.13468042016029359},"size":1.8078107833862305,"orthographic":false}