{"cameraMode":{"drawMode":0,"name":"Shaded","section":"Shading Mode"},"sceneLighting":false,"audioPlay":false,"sceneViewState":{"showFog":false,"showMaterialUpdate":false,"showSkybox":false,"showFlares":false,"showImageEffects":false,"showParticleSystems":false},"in2DMode":false,"pivot":{"x":0.4000000059604645,"y":2.5999999046325685,"z":0.20000000298023225},"rotation":{"x":0.11609593778848648,"y":0.7049896121025086,"z":-0.11870283633470535,"w":0.6895139813423157},"size":1.171576738357544,"orthographic":false}