{"cameraMode":{"drawMode":0,"name":"Shaded","section":"Shading Mode"},"sceneLighting":true,"audioPlay":false,"sceneViewState":{"showFog":false,"showMaterialUpdate":false,"showSkybox":false,"showFlares":false,"showImageEffects":false,"showParticleSystems":false},"in2DMode":false,"pivot":{"x":834.565673828125,"y":155.0281219482422,"z":0.0},"rotation":{"x":-0.014689741656184197,"y":0.016186168417334558,"z":0.0003466766211204231,"w":0.9999027252197266},"size":1073.841064453125,"orthographic":false}