{"cameraMode":{"drawMode":0,"name":"Shaded","section":"Shading Mode"},"sceneLighting":true,"audioPlay":false,"sceneViewState":{"showFog":false,"showMaterialUpdate":false,"showSkybox":false,"showFlares":false,"showImageEffects":false,"showParticleSystems":false},"in2DMode":false,"pivot":{"x":-23.229999542236329,"y":-5.630001544952393,"z":39.5},"rotation":{"x":-0.27302610874176028,"y":-0.47669944167137148,"z":0.15433263778686524,"w":-0.8215696811676025},"size":23.606550216674806,"orthographic":false}