{"cameraMode":{"drawMode":0,"name":"Shaded","section":"Shading Mode"},"sceneLighting":false,"audioPlay":false,"sceneViewState":{"showFog":false,"showMaterialUpdate":false,"showSkybox":false,"showFlares":false,"showImageEffects":false,"showParticleSystems":false},"in2DMode":false,"pivot":{"x":-11.609999656677246,"y":2.440000057220459,"z":9.0},"rotation":{"x":-0.0015142569318413735,"y":0.9811522960662842,"z":-0.19323116540908814,"w":-0.021062197163701059},"size":9.149394989013672,"orthographic":false}