{"cameraMode":{"drawMode":0,"name":"Shaded","section":"Shading Mode"},"sceneLighting":false,"audioPlay":false,"sceneViewState":{"showFog":false,"showMaterialUpdate":false,"showSkybox":false,"showFlares":false,"showImageEffects":false,"showParticleSystems":false},"in2DMode":false,"pivot":{"x":-17.459999084472658,"y":2.6600000858306886,"z":-1.9073485191256624e-7},"rotation":{"x":0.07682308554649353,"y":-0.7005454897880554,"z":0.08115960657596588,"w":0.7052468061447144},"size":9.546460151672364,"orthographic":false}