{"cameraMode":{"drawMode":0,"name":"Shaded","section":"Shading Mode"},"sceneLighting":true,"audioPlay":false,"sceneViewState":{"showFog":false,"showMaterialUpdate":false,"showSkybox":false,"showFlares":false,"showImageEffects":false,"showParticleSystems":false},"in2DMode":false,"pivot":{"x":8.166851043701172,"y":2.885118007659912,"z":11.761882781982422},"rotation":{"x":-0.04653235897421837,"y":0.9503187537193298,"z":-0.20568732917308808,"w":-0.23015955090522767},"size":59.75801086425781,"orthographic":false}