{"cameraMode":{"drawMode":0,"name":"Shaded","section":"Shading Mode"},"sceneLighting":true,"audioPlay":false,"sceneViewState":{"showFog":false,"showMaterialUpdate":false,"showSkybox":false,"showFlares":false,"showImageEffects":false,"showParticleSystems":false},"in2DMode":false,"pivot":{"x":9.950000762939454,"y":3.0,"z":8.849996566772461},"rotation":{"x":0.13757552206516267,"y":-0.15403515100479127,"z":0.022331666201353074,"w":0.9783480167388916},"size":11.861360549926758,"orthographic":false}