{"cameraMode":{"drawMode":0,"name":"Shaded","section":"Shading Mode"},"sceneLighting":false,"audioPlay":false,"sceneViewState":{"showFog":false,"showMaterialUpdate":false,"showSkybox":false,"showFlares":false,"showImageEffects":false,"showParticleSystems":false},"in2DMode":false,"pivot":{"x":35.99529266357422,"y":-2.8650684356689455,"z":-15.090258598327637},"rotation":{"x":0.054474107921123508,"y":0.9432658553123474,"z":-0.2628941833972931,"w":0.1954350620508194},"size":0.37986066937446597,"orthographic":false}