{"cameraMode":{"drawMode":0,"name":"Shaded","section":"Shading Mode"},"sceneLighting":true,"audioPlay":false,"sceneViewState":{"showFog":false,"showMaterialUpdate":false,"showSkybox":false,"showFlares":false,"showImageEffects":false,"showParticleSystems":false},"in2DMode":false,"pivot":{"x":7.225337505340576,"y":1.5200004577636719,"z":9.282255172729493},"rotation":{"x":0.04015835002064705,"y":0.7481964230537415,"z":-0.04495703801512718,"w":0.6609699130058289},"size":14.763696670532227,"orthographic":false}