{"cameraMode":{"drawMode":0,"name":"Shaded","section":"Shading Mode"},"sceneLighting":false,"audioPlay":false,"sceneViewState":{"showFog":false,"showMaterialUpdate":false,"showSkybox":false,"showFlares":false,"showImageEffects":false,"showParticleSystems":false},"in2DMode":false,"pivot":{"x":-20.799999237060548,"y":2.680000066757202,"z":4.699999809265137},"rotation":{"x":0.11609593778848648,"y":0.7049896121025086,"z":-0.11870283633470535,"w":0.6895139813423157},"size":12.833992004394532,"orthographic":false}